{"cameraMode":{"drawMode":0,"name":"Shaded","section":"Shading Mode"},"sceneLighting":true,"audioPlay":false,"sceneViewState":{"m_AlwaysRefresh":false,"showFog":true,"showSkybox":true,"showFlares":true,"showImageEffects":true,"showParticleSystems":true,"showVisualEffectGraphs":true,"m_FxEnabled":true},"in2DMode":false,"pivot":{"x":-2.847374439239502,"y":0.7175145149230957,"z":-1.0397324562072755},"rotation":{"x":-0.07027657330036164,"y":0.9039865732192993,"z":-0.16338568925857545,"w":-0.38882148265838625},"size":22.669828414916993,"orthographic":false}